"asset_url","source_page","issue"
"http://www.broadstreetconsulting.net/sites/broadstreet.net/files/WebSuccessWorksheets.zip","https://broadstreet.net/downloads","Original asset not yet stored locally"
"http://www.broadstreetconsulting.net/sites/broadstreet.net/files/0-WebSuccessStrategy.pdf","https://broadstreet.net/downloads","Original asset not yet stored locally"
"http://www.broadstreetconsulting.net/sites/broadstreet.net/files/Broadstreet-00-One-Pager.pdf","https://broadstreet.net/downloads","Original asset not yet stored locally"
"http://www.broadstreetconsulting.net/sites/broadstreet.net/files/2017-broadstreet-final.zip","https://broadstreet.net/downloads","Original asset not yet stored locally"
"https://www.broadstreetconsulting.net/sites/broadstreet.net/files/broadstreet-all-combined.pdf","https://broadstreet.net/downloads","Original asset not yet stored locally"
"https://broadstreet.net/sites/broadstreet.net/files/broadstreet.net_camden_south_carolina_office.png","https://broadstreet.net/camden-sc","Original asset not yet stored locally"
"https://broadstreet.net/sites/broadstreet.net/files/ribboncutting1.jpg","https://broadstreet.net/camden-sc","Original asset not yet stored locally"
"https://broadstreet.net/sites/broadstreet.net/files/chamberofcommerce1.jpg","https://broadstreet.net/camden-sc","Original asset not yet stored locally"
"https://broadstreet.net/sites/broadstreet.net/files/kccoa1.jpg","https://broadstreet.net/camden-sc","Original asset not yet stored locally"
"https://broadstreet.net/sites/broadstreet.net/files/img_4996.jpg","https://broadstreet.net/camden-sc","Original asset not yet stored locally"
"https://broadstreet.net/sites/broadstreet.net/files/wtc1.jpg","https://broadstreet.net/camden-sc","Original asset not yet stored locally"
"https://broadstreet.net/sites/broadstreet.net/files/mattressoutlet1_0.jpg","https://broadstreet.net/camden-sc","Original asset not yet stored locally"
"https://broadstreet.net/sites/broadstreet.net/files/tommurral.jpg","https://broadstreet.net/lancaster-sc","Original asset not yet stored locally"
"https://broadstreet.net/sites/broadstreet.net/files/punkys.jpg","https://broadstreet.net/lancaster-sc","Original asset not yet stored locally"
"https://broadstreet.net/sites/broadstreet.net/files/image_1.png","https://broadstreet.net/lancaster-sc","Original asset not yet stored locally"
"https://broadstreet.net/sites/broadstreet.net/files/l1-lancasterchamber.png","https://broadstreet.net/lancaster-sc","Original asset not yet stored locally"
"https://broadstreet.net/sites/broadstreet.net/files/l-golf.jpg","https://broadstreet.net/lancaster-sc","Original asset not yet stored locally"
"https://broadstreet.net/sites/broadstreet.net/files/styles/adaptive/public/cotdoc-search_0.png?itok=Guvl7HuD","https://broadstreet.net/be-number-1-on-google","Original asset not yet stored locally"
"https://broadstreet.net/sites/broadstreet.net/files/styles/adaptive/public/phone-credit-card-300x200_0.png?itok=rH_nnPou","https://broadstreet.net/sell-your-products-online","Original asset not yet stored locally"
"https://broadstreet.net/sites/broadstreet.net/files/styles/adaptive/public/round-table-sales-300x200_0.png?itok=_StD66Wy","https://broadstreet.net/sell-your-products-online","Original asset not yet stored locally"
"https://broadstreet.net/sites/broadstreet.net/files/styles/service_adaptive/adaptive-image/public/ecommerce.jpeg?itok=K3mwiudv","https://broadstreet.net/services/ecommerce-website-development","Original asset not yet stored locally"
"https://broadstreet.net/sites/broadstreet.net/files/styles/service_adaptive/adaptive-image/public/seo.png?itok=BNktnvw9","https://broadstreet.net/services/search-engine-optimization-seo","Original asset not yet stored locally"
"https://broadstreet.net/sites/broadstreet.net/files/styles/service_adaptive/adaptive-image/public/social-media-marketing_service.jpeg?itok=sbv2RGzm","https://broadstreet.net/services/social-media-marketing","Original asset not yet stored locally"
"https://broadstreet.net/sites/broadstreet.net/files/styles/service_adaptive/adaptive-image/public/email-marketing.png?itok=OaCMzVr6","https://broadstreet.net/services/email-marketing","Original asset not yet stored locally"
"https://broadstreet.net/sites/broadstreet.net/files/styles/service_adaptive/adaptive-image/public/seo-geotag.png?itok=rZ6_9YYc","https://broadstreet.net/services/local-online-marketing","Original asset not yet stored locally"
"https://broadstreet.net/sites/broadstreet.net/files/styles/service_adaptive/adaptive-image/public/drupal.png?itok=O4o5ItZ-","https://broadstreet.net/services/web-mobile-app-development","Original asset not yet stored locally"
"https://broadstreet.net/sites/broadstreet.net/files/web-success-9-essentials-playlist.png","https://broadstreet.net/web-success","Original asset not yet stored locally"
"https://broadstreet.net/sites/broadstreet.net/files/styles/service_adaptive/adaptive-image/public/broadst_googleplus.png?itok=ZqJLuZuY","https://broadstreet.net/services/logo-design","Original asset not yet stored locally"
"https://broadstreet.net/sites/broadstreet.net/files/styles/blog/public/celebrating_world_development_information_day_2.png?itok=--7JC-4k","https://broadstreet.net/blogs?page=1","Original asset not yet stored locally"
"https://broadstreet.net/sites/broadstreet.net/files/styles/blog/public/press_release_-photo_lancaster_chamber_1.png?itok=4SXXWhMc","https://broadstreet.net/blogs?page=1","Original asset not yet stored locally"
"https://broadstreet.net/sites/broadstreet.net/files/styles/blog/public/google_rebranding_throughout_history.png?itok=EW5c3vFq","https://broadstreet.net/blogs?page=1","Original asset not yet stored locally"
"https://broadstreet.net/sites/broadstreet.net/files/styles/blog/public/googe_analytics_4.jpg?itok=JbznBhDR","https://broadstreet.net/blogs?page=1","Original asset not yet stored locally"
"https://broadstreet.net/sites/broadstreet.net/files/styles/blog/public/wordpress_vs_drupal.png?itok=-Thcyaw-","https://broadstreet.net/blogs?page=1","Original asset not yet stored locally"
"https://broadstreet.net/sites/broadstreet.net/files/styles/blog/public/zoom_meeting.png?itok=pTmBvFtp","https://broadstreet.net/blogs?page=1","Original asset not yet stored locally"
"https://broadstreet.net/sites/broadstreet.net/files/styles/blog/public/broadstreet_group_shot.png?itok=qSmJ8pCI","https://broadstreet.net/blogs?page=1","Original asset not yet stored locally"