"original_url","status"
"https://broadstreet.net/services/contact","Captured; deferred from first design preview"
"https://broadstreet.net/drupal","Captured; deferred from first design preview"
"https://broadstreet.net/marjorie-sliker-gates","Captured; deferred from first design preview"
"https://broadstreet.net/sales-marketing-graphics","Captured; deferred from first design preview"
"https://broadstreet.net/portfolio?page=2","Captured; deferred from first design preview"
"https://broadstreet.net/blog/tsliker","Captured; deferred from first design preview"
"https://broadstreet.net/blog/heather","Captured; deferred from first design preview"
"https://broadstreet.net/services/web%20design","Captured; deferred from first design preview"
"https://broadstreet.net/blog/benefits-working-google-partner","Captured; deferred from first design preview"
"https://broadstreet.net/blog/colorful-mountains-and-art-web-design","Captured; deferred from first design preview"
"https://broadstreet.net/blog/celebrating-stemsteam-day-empowering-women-technology","Captured; deferred from first design preview"
"https://broadstreet.net/blog/world-development-information-day-and-broadstreetnet","Captured; deferred from first design preview"
"https://broadstreet.net/blog/mac-and-cheese-vs-website-design-whats-connection","Captured; deferred from first design preview"
"https://broadstreet.net/blog/broadstreet-announces-new-office-lancaster-sc","Captured; deferred from first design preview"
"https://broadstreet.net/blog/google-applications-name-changing-throughout-history","Captured; deferred from first design preview"
"https://broadstreet.net/blog/depth-guide-google-analytics-4","Captured; deferred from first design preview"
"https://broadstreet.net/blog/wordpress-vs-drupal-definitive-breakdown","Captured; deferred from first design preview"
"https://broadstreet.net/blog/stay-connected-your-remote-coworkers","Captured; deferred from first design preview"
"https://broadstreet.net/blog/take-2021-broadstreet","Captured; deferred from first design preview"
"https://broadstreet.net/blogs?page=2","Captured; deferred from first design preview"
"https://broadstreet.net/blog/slikerm","Captured; deferred from first design preview"
"https://broadstreet.net/category/tags/web-design","Captured; deferred from first design preview"
"https://broadstreet.net/category/tags/online-marketing","Captured; deferred from first design preview"
"https://broadstreet.net/blog/build-online-business-strategy-long-term-revenue-growth","Captured; deferred from first design preview"
"https://broadstreet.net/category/tags/google","Captured; deferred from first design preview"
"https://broadstreet.net/category/tags/google-adwords","Captured; deferred from first design preview"
"https://broadstreet.net/category/tags/google-maps","Captured; deferred from first design preview"
"https://broadstreet.net/category/tags/google-street-view","Captured; deferred from first design preview"
"https://broadstreet.net/portfolio/banyan-bay-care","Captured; deferred from first design preview"
"https://broadstreet.net/portfolio/memorial-design","Captured; deferred from first design preview"
"https://broadstreet.net/portfolio/friends-edisto","Captured; deferred from first design preview"
"https://broadstreet.net/portfolio/trout-pro-store","Captured; deferred from first design preview"
"https://broadstreet.net/portfolio/pine-ridge-apartments-2013","Captured; deferred from first design preview"
"https://broadstreet.net/portfolio/gateway-army","Captured; deferred from first design preview"
"https://broadstreet.net/portfolio/condy-immigration-law-office-llc","Captured; deferred from first design preview"
"https://broadstreet.net/portfolio/jeffcoat-realty","Captured; deferred from first design preview"
"https://broadstreet.net/portfolio/marlboro-drug-company","Captured; deferred from first design preview"
"https://broadstreet.net/portfolio/wagener-sc","Captured; deferred from first design preview"
"https://broadstreet.net/category/tags/google-rebranding","Captured; deferred from first design preview"
"https://broadstreet.net/category/tags/google-name-changes","Captured; deferred from first design preview"
"https://broadstreet.net/category/tags/google-apps","Captured; deferred from first design preview"
"https://broadstreet.net/category/tags/google-analytics-4","Captured; deferred from first design preview"
"https://broadstreet.net/category/tags/google-analytics","Captured; deferred from first design preview"
"https://broadstreet.net/category/tags/universal-analytics","Captured; deferred from first design preview"
"https://broadstreet.net/category/tags/wordpress","Captured; deferred from first design preview"
"https://broadstreet.net/category/tags/drupal","Captured; deferred from first design preview"
"https://broadstreet.net/blog/tsliker?page=1","Captured; deferred from first design preview"
"https://broadstreet.net/blog/tsliker?page=2","Captured; deferred from first design preview"
"https://broadstreet.net/blog/tsliker?page=3","Captured; deferred from first design preview"
"https://broadstreet.net/blog/tsliker?page=4","Captured; deferred from first design preview"
"https://broadstreet.net/blog/tsliker?page=5","Captured; deferred from first design preview"
"https://broadstreet.net/blog/tsliker?page=6","Captured; deferred from first design preview"
"https://broadstreet.net/blog/tsliker?page=7","Captured; deferred from first design preview"
"https://broadstreet.net/blog/tsliker?page=8","Captured; deferred from first design preview"
"https://broadstreet.net/blog/grow-your-business-using-google-adwords","Captured; deferred from first design preview"
"https://broadstreet.net/morgan-johnson","Captured; deferred from first design preview"
"https://broadstreet.net/blog/quick-message-broadstreet-your-local-google-partner","Captured; deferred from first design preview"
"https://broadstreet.net/blog/tiffany","Captured; deferred from first design preview"
"https://broadstreet.net/blog/proven-seo-strategies-local-small-businesses-across-us","Captured; deferred from first design preview"
"https://broadstreet.net/blog/cortiz","Captured; deferred from first design preview"
"https://broadstreet.net/category/tags/seo","Captured; deferred from first design preview"
"https://broadstreet.net/blog/google-gives-broadstreet-clients-3500-ad-credit-covid-19-relief","Captured; deferred from first design preview"
"https://broadstreet.net/blog/how-using-brand-ambassador-marketing-strategy-can-help-your-business","Captured; deferred from first design preview"
"https://broadstreet.net/blog/why-and-how-use-similar-audiences-google-adwords","Captured; deferred from first design preview"
"https://broadstreet.net/blog/broadstreet-renews-google-partnership-adwords-certification","Captured; deferred from first design preview"
"https://broadstreet.net/blog/learning-run-facebook-business-faqs-answered","Captured; deferred from first design preview"
"https://broadstreet.net/blog/5-major-factors-consistency-google-adwords-conversions","Captured; deferred from first design preview"
"https://broadstreet.net/blogs?page=3","Captured; deferred from first design preview"
"https://broadstreet.net/blog/immediate-success-google-adwords","Captured; deferred from first design preview"
"https://broadstreet.net/blog/slikerm?page=1","Captured; deferred from first design preview"
"https://broadstreet.net/blog/slikerm?page=2","Captured; deferred from first design preview"
"https://broadstreet.net/blog/slikerm?page=3","Captured; deferred from first design preview"
"https://broadstreet.net/blog/omega-vs-bootstrap","Captured; deferred from first design preview"
"https://broadstreet.net/blog/jquery-and-drupal-7","Captured; deferred from first design preview"
"https://broadstreet.net/category/tags/web-design?page=1","Captured; deferred from first design preview"
"https://broadstreet.net/blog/how-make-simple-video-your-small-business-using-biteable","Captured; deferred from first design preview"
"https://broadstreet.net/category/tags/video-marketing","Captured; deferred from first design preview"
"https://broadstreet.net/blog/website-strategy-content-search","Captured; deferred from first design preview"
"https://broadstreet.net/category/tags/web-success","Captured; deferred from first design preview"
"https://broadstreet.net/blog/9-strategies-quickly-start-building-your-online-presence-free-webinar","Captured; deferred from first design preview"
"https://broadstreet.net/blog/5-costly-mistakes-when-using-google-adwords-and-how-avoid-making-them","Captured; deferred from first design preview"
"https://broadstreet.net/category/tags/online-marketing?page=1","Captured; deferred from first design preview"
"https://broadstreet.net/blog/digital-marketing-tip-day-anything-successful-starts-well-organized-google-doc","Captured; deferred from first design preview"
"https://broadstreet.net/blog/drupal-commerce-data-feed-google-merchant-center","Captured; deferred from first design preview"
"https://broadstreet.net/category/tags/ecommerce","Captured; deferred from first design preview"
"https://broadstreet.net/category/tags/google?page=1","Captured; deferred from first design preview"
"https://broadstreet.net/blog/small-business-digital-marketing-strategy-using-ecommerce-pay-click","Captured; deferred from first design preview"
"https://broadstreet.net/category/tags/google-adwords?page=1","Captured; deferred from first design preview"
"https://broadstreet.net/blog/my-first-module-admin-settings","Captured; deferred from first design preview"
"https://broadstreet.net/category/tags/web-development","Captured; deferred from first design preview"
"https://broadstreet.net/category/tags/drupal?page=1","Captured; deferred from first design preview"
"https://broadstreet.net/blog/web-success-webinars-summer-schedule","Captured; deferred from first design preview"
"https://broadstreet.net/blog/gain-success-online-faster-smarter-free-webinar","Captured; deferred from first design preview"
"https://broadstreet.net/blog/drupalcamp-south-carolina-survey-results","Captured; deferred from first design preview"
"https://broadstreet.net/blog/drupalcamp-south-carolina-coming-now","Captured; deferred from first design preview"
"https://broadstreet.net/blog/what-do-you-think-bitcoin","Captured; deferred from first design preview"
"https://broadstreet.net/blog/great-wide-open-conference-great-success","Captured; deferred from first design preview"
"https://broadstreet.net/category/tags/open-source","Captured; deferred from first design preview"
"https://broadstreet.net/blog/bye-bye-igoogle","Captured; deferred from first design preview"
"https://broadstreet.net/blog/free-drupal-training-offered-broadstreet-it-ology","Captured; deferred from first design preview"
"https://broadstreet.net/first-drupal-blog-post","Captured; deferred from first design preview"
"https://broadstreet.net/category/tags/training","Captured; deferred from first design preview"
"https://broadstreet.net/blog/my-first-drupalcon","Captured; deferred from first design preview"
"https://broadstreet.net/blog/excellent-marketing-campaign-social-media-dietcokebday","Captured; deferred from first design preview"
"https://broadstreet.net/category/tags/social-media","Captured; deferred from first design preview"
"https://broadstreet.net/blog/me-soup-nazi-and-iphoto-faces","Captured; deferred from first design preview"
"https://broadstreet.net/blog/beginning-bing","Captured; deferred from first design preview"
"https://broadstreet.net/blog/hello-drupal-coming-open-it-lab-it-ology","Captured; deferred from first design preview"
"https://broadstreet.net/category/tags/broadstreet-news","Captured; deferred from first design preview"
"https://broadstreet.net/blog/fun-drupals-imagecache","Captured; deferred from first design preview"
"https://broadstreet.net/blog/broadstreet-2010-review","Captured; deferred from first design preview"
"https://broadstreet.net/blog/barcamp-charleston-notes-about-day-and-drupal","Captured; deferred from first design preview"
"https://broadstreet.net/blog/drupal-boost-module-measurable-performance-improvements-drupalcamp-asheville","Captured; deferred from first design preview"
"https://broadstreet.net/blog/hosting-why-i-prefer-hostgator-godaddy","Captured; deferred from first design preview"
"https://broadstreet.net/blog/purpose-broadstreet-consulting","Captured; deferred from first design preview"
"https://broadstreet.net/blog/drupal-camp-sc-presentation-posted","Captured; deferred from first design preview"
"https://broadstreet.net/blog/broadstreets-first-advertisement","Captured; deferred from first design preview"
"https://broadstreet.net/blog/columbia-drupal-meetings-picking-steam","Captured; deferred from first design preview"
"https://broadstreet.net/blog/proposed-logo-upcoming-drupalcamp-sc","Captured; deferred from first design preview"
"https://broadstreet.net/blog/motiviational-speech-eating-better","Captured; deferred from first design preview"
"https://broadstreet.net/blog/my-guest-appearance-indian-college","Captured; deferred from first design preview"
"https://broadstreet.net/blog/drupal-location-module-changing-locative-information-cck-field","Captured; deferred from first design preview"
"https://broadstreet.net/blog/indian-trail-golf-course-nice-drupal-site","Captured; deferred from first design preview"
"https://broadstreet.net/blog/my-richland-county-public-libary-uses-drupal","Captured; deferred from first design preview"
"https://broadstreet.net/blog/what-drupal-57-seconds","Captured; deferred from first design preview"
"https://broadstreet.net/blog/my-favorite-blogs-week-06-13-2009","Captured; deferred from first design preview"
"https://broadstreet.net/blog/use-rss-reader-your-automatic-web-surfer","Captured; deferred from first design preview"
"https://broadstreet.net/category/tags/content-marketing","Captured; deferred from first design preview"
"https://broadstreet.net/blog/thoughts-viral-marketing-and-world-wide-rave","Captured; deferred from first design preview"
"https://broadstreet.net/category/tags/viral-marketing","Captured; deferred from first design preview"
"https://broadstreet.net/blog/how-trends-spread-hey-seth-godin-i-guy-2","Captured; deferred from first design preview"
"https://broadstreet.net/blog/skype-video-comes-handy-international-communications","Captured; deferred from first design preview"
"https://broadstreet.net/category/tags/communications","Captured; deferred from first design preview"
"https://broadstreet.net/blog/using-drupals-node-import-module","Captured; deferred from first design preview"
"https://broadstreet.net/blog/how-create-viral-video","Captured; deferred from first design preview"
"https://broadstreet.net/blog/busbee-truck-parts-deserves-some-kudos","Captured; deferred from first design preview"
"https://broadstreet.net/blog/duct-tape-marketing-podcast-seth-godin","Captured; deferred from first design preview"
"https://broadstreet.net/category/tags/small-business-survival","Captured; deferred from first design preview"
"https://broadstreet.net/blog/google-apps-has-major-down-side","Captured; deferred from first design preview"
"https://broadstreet.net/category/tags/online-security","Not yet captured; deferred"
"https://broadstreet.net/quantcast-provides-data-about-web-traffic","Not yet captured; deferred"
"https://broadstreet.net/blog/comscore-rankings-tell-us-most-popular-web-sites","Not yet captured; deferred"
"https://broadstreet.net/blog/obamas-first-weekly-youtube-address-nation","Not yet captured; deferred"
"https://broadstreet.net/blog/help-determine-priorities-obamas-cto","Not yet captured; deferred"
"https://broadstreet.net/blog/columbias-trouble-building-web-site","Not yet captured; deferred"
"https://broadstreet.net/blog/obama-site-provide-communications-transparency","Not yet captured; deferred"
"https://broadstreet.net/blog/fckeditor-now-use","Not yet captured; deferred"
"https://broadstreet.net/blog/iskorpitx-turkish-hacker-has-struck-again","Not yet captured; deferred"
"https://broadstreet.net/blog/how-get-others-link-your-site","Not yet captured; deferred"
"https://broadstreet.net/category/tags/blogging","Not yet captured; deferred"
"https://broadstreet.net/blog/start-llc-or-corporation-free-next-tuesday","Not yet captured; deferred"
"https://broadstreet.net/blog/scheduler-jstools-and-poormanscron-modules-my-drupal-blog","Not yet captured; deferred"
"https://broadstreet.net/blog/drupal-blogging-platform","Not yet captured; deferred"
"https://broadstreet.net/blog/three-new-modules-blog-path-pathauto-and-tagadelic","Not yet captured; deferred"
"https://broadstreet.net/blog/google-analytics-monitor-site-traffic","Not yet captured; deferred"
"https://broadstreet.net/blog/there-more-life-pizza","Not yet captured; deferred"
"https://broadstreet.net/blog/adding-google-analytics-module-my-blog","Not yet captured; deferred"
"https://broadstreet.net/blog/point-lobos-and-my-social-network","Not yet captured; deferred"
"https://broadstreet.net/blog/prevent-spam-comments-adding-image-captcha-module-drupal-blogs","Not yet captured; deferred"
"https://broadstreet.net/blog/being-rock-star","Not yet captured; deferred"
"https://broadstreet.net/blog/more-drupal-modules-blog","Not yet captured; deferred"
"https://broadstreet.net/blog/speaking-columbia-chamber-commerce-itc","Not yet captured; deferred"
"https://broadstreet.net/blog/prostores-and-ebay-stores-integration","Not yet captured; deferred"
"https://broadstreet.net/category/tags/ebay","Not yet captured; deferred"
"https://broadstreet.net/blog/notifcation-blog-comments-drupal-6x","Not yet captured; deferred"
"https://broadstreet.net/blog/resizing-photos-batch-faststone-photo-resizer","Not yet captured; deferred"
"https://broadstreet.net/blog/html-href-target-why-didnt-i-know","Not yet captured; deferred"
"https://broadstreet.net/blog/turning-teasers-my-drupal-blog","Not yet captured; deferred"
"https://broadstreet.net/blog/drupals-masquerade-module","Not yet captured; deferred"
"https://broadstreet.net/blog/prose","Not yet captured; deferred"
"https://broadstreet.net/blog/476/feed","Not yet captured; deferred"
"https://broadstreet.net/contact-us","Not yet captured; deferred"
"https://broadstreet.net/blog/412/feed","Not yet captured; deferred"
"https://broadstreet.net/digital-marketing-strategy-and-support","Not yet captured; deferred"
"https://broadstreet.net/blogs?page=4","Not yet captured; deferred"
"https://broadstreet.net/blog/fixing-your-business-listing-google-search","Not yet captured; deferred"
"https://broadstreet.net/blog/we-are-now-certified-google-adwords","Not yet captured; deferred"
"https://broadstreet.net/blog/facebook-inroduces-%E2%80%9Crelevance-score%E2%80%9D-improve-ad-quality","Not yet captured; deferred"
"https://broadstreet.net/category/tags/facebook-business","Not yet captured; deferred"
"https://broadstreet.net/blog/why-were-kinda-using-viral-content-buzz-social-sharing","Not yet captured; deferred"
"https://broadstreet.net/blog/why-your-small-business-can%E2%80%99t-market-wikipedia","Not yet captured; deferred"
"https://broadstreet.net/blog/facebook-business-managing-multiple-business-campaigns-new-way","Not yet captured; deferred"
"https://broadstreet.net/blog/facebook%E2%80%99s-secret-managing-multiple-businesss-campaigns-business-accounts","Not yet captured; deferred"
"https://broadstreet.net/blog/facebooks-new-save-feature-read-it-later-list-pages-and-links","Not yet captured; deferred"
"https://broadstreet.net/blog/how-start-business-account-yelp","Not yet captured; deferred"
"https://broadstreet.net/blog/do-you-heart-it-or-havent-you-heard","Not yet captured; deferred"
"https://broadstreet.net/blog/why-should-i-create-and-update-my-business-account-yelp","Not yet captured; deferred"
"https://broadstreet.net/blog/3-social-media-lessons-we-learned-scott-monty-and-ford-motor-company","Not yet captured; deferred"
"https://broadstreet.net/blog/google-wants-increase-small-business-seo","Not yet captured; deferred"
"https://broadstreet.net/blog/facebooks-new-promotion-guidelines-pages","Not yet captured; deferred"
"https://broadstreet.net/blog/drupal-meetup-columbia-monday-aug-12-600-pm","Not yet captured; deferred"
"https://broadstreet.net/blog/building-mobile-friendly-websites-using-drupal","Not yet captured; deferred"
"https://broadstreet.net/blog/7-survival-skills-small-town-business","Not yet captured; deferred"
"https://broadstreet.net/blog/drupal-developers-south-carolina","Not yet captured; deferred"
"https://broadstreet.net/blog/googles-gags-2013-we-got-fooled","Not yet captured; deferred"
"https://broadstreet.net/blog/7-core-components-exceptional-email","Not yet captured; deferred"
"https://broadstreet.net/blog/how-decrapify-your-pc","Not yet captured; deferred"
"https://broadstreet.net/category/tags/windows","Not yet captured; deferred"
"https://broadstreet.net/blog/2-tools-keeping-your-great-tweets","Not yet captured; deferred"
"https://broadstreet.net/blog/how-create-your-own-twitter-background","Not yet captured; deferred"
"https://broadstreet.net/blog/mike-mooney-viral-marketing","Not yet captured; deferred"
"https://broadstreet.net/blog/tesliker","Not yet captured; deferred"
"https://broadstreet.net/tommy-sliker","Not yet captured; deferred"
"https://broadstreet.net/blog/ajwillis","Not yet captured; deferred"
"https://broadstreet.net/category/tags/online-marketing?page=2","Not yet captured; deferred"
"https://broadstreet.net/blog/googles-instant-preview-feature","Not yet captured; deferred"
"https://broadstreet.net/category/tags/google?page=2","Not yet captured; deferred"
"https://broadstreet.net/category/tags/training/introduction-to-drupal","Not yet captured; deferred"
"https://broadstreet.net/category/tags/drupal?page=2","Not yet captured; deferred"
"https://broadstreet.net/category/tags/social-media?page=1","Not yet captured; deferred"
"https://broadstreet.net/category/tags/broadstreet-news?page=1","Not yet captured; deferred"
"https://broadstreet.net/category/tags/viral-marketing?page=1","Not yet captured; deferred"