"original_url","new_url","action","notes"
"https://broadstreet.net/","https://broadstreet.net/","Retained","Static HTML page"
"https://broadstreet.net/about-broadstreet-consulting-camden-scs-trusted-digital-marketing-partner","https://broadstreet.net/about-broadstreet-consulting-camden-scs-trusted-digital-marketing-partner/","Retained","Static HTML page"
"https://broadstreet.net/adwords-consultant-services","https://broadstreet.net/adwords-consultant-services/","Retained","Static HTML page"
"https://broadstreet.net/als-upstairs-online-visibility-capability","https://broadstreet.net/als-upstairs-online-visibility-capability/","Retained","Static HTML page"
"https://broadstreet.net/be-1-google","https://broadstreet.net/be-number-1-on-google/","301 redirect","Legacy alias or pagination URL"
"https://broadstreet.net/be-number-1-on-google","https://broadstreet.net/be-number-1-on-google/","Retained","Static HTML page"
"https://broadstreet.net/blog","https://broadstreet.net/blogs/","301 redirect","Legacy alias or pagination URL"
"https://broadstreet.net/blog/3-great-simple-ways-increase-your-online-presence","https://broadstreet.net/blog/3-great-simple-ways-increase-your-online-presence/","Retained","Static HTML page"
"https://broadstreet.net/blog/5-key-steps-getting-your-home-business-found-online","https://broadstreet.net/blog/5-key-steps-getting-your-home-business-found-online/","Retained","Static HTML page"
"https://broadstreet.net/blog/5-tips-succeeding-google-adwords","https://broadstreet.net/blog/5-tips-succeeding-google-adwords/","Retained","Static HTML page"
"https://broadstreet.net/blog/ai-alone-isnt-marketing-strategy","https://broadstreet.net/blog/ai-alone-isnt-marketing-strategy/","Retained","Static HTML page"
"https://broadstreet.net/blog/being-google-guide-series-part-1","https://broadstreet.net/blog/being-google-guide-series-part-1/","Retained","Static HTML page"
"https://broadstreet.net/blog/celebrating-world-computer-literacy-day-december-2","https://broadstreet.net/blog/celebrating-world-computer-literacy-day-december-2/","Retained","Static HTML page"
"https://broadstreet.net/blog/google-ads-vs-seo-which-right-your-sumter-or-camden-sc-business","https://broadstreet.net/blog/google-ads-vs-seo-which-right-your-sumter-or-camden-sc-business/","Retained","Static HTML page"
"https://broadstreet.net/blog/local-seo-101-how-columbia-and-camden-sc-businesses-can-rank-higher-google","https://broadstreet.net/blog/local-seo-101-how-columbia-and-camden-sc-businesses-can-rank-higher-google/","Retained","Static HTML page"
"https://broadstreet.net/blog/nyia","https://broadstreet.net/blog/nyia/","Retained","Static HTML page"
"https://broadstreet.net/blog/storefront-online-store-guide-ecommerce-camden-and-columbia-sc-retailers","https://broadstreet.net/blog/storefront-online-store-guide-ecommerce-camden-and-columbia-sc-retailers/","Retained","Static HTML page"
"https://broadstreet.net/blog/using-google-street-view-and-360-spherical-camera-showcase-your-small-business","https://broadstreet.net/blog/using-google-street-view-and-360-spherical-camera-showcase-your-small-business/","Retained","Static HTML page"
"https://broadstreet.net/blog/what-we-love-about-small-towns-and-why-we-never-left","https://broadstreet.net/blog/what-we-love-about-small-towns-and-why-we-never-left/","Retained","Static HTML page"
"https://broadstreet.net/blog/why-your-business-isnt-showing-google-and-how-fix-it","https://broadstreet.net/blog/why-your-business-isnt-showing-google-and-how-fix-it/","Retained","Static HTML page"
"https://broadstreet.net/blog/why-your-camden-sc-small-business-needs-mobile-friendly-website-2026","https://broadstreet.net/blog/why-your-camden-sc-small-business-needs-mobile-friendly-website-2026/","Retained","Static HTML page"
"https://broadstreet.net/blog/your-website-ugly-christmas-sweater","https://broadstreet.net/blog/your-website-ugly-christmas-sweater/","Retained","Static HTML page"
"https://broadstreet.net/blogs","https://broadstreet.net/blogs/","Retained","Static HTML page"
"https://broadstreet.net/blogs?page=1","https://broadstreet.net/blogs/page/2/","301 redirect","Legacy alias or pagination URL"
"https://broadstreet.net/book-now","https://broadstreet.net/book-now/","Retained","Static HTML page"
"https://broadstreet.net/broadstreet-consulting-google-partners-google-adwords-certified","https://broadstreet.net/broadstreet-consulting-google-partners-google-adwords-certified/","Retained","Static HTML page"
"https://broadstreet.net/broadstreet-consulting-google-partners-google-adwords-certified-2016","https://broadstreet.net/broadstreet-consulting-google-partners-google-adwords-certified/","301 redirect","Legacy alias or pagination URL"
"https://broadstreet.net/busbee-truck-parts-worldwide-reach","https://broadstreet.net/busbee-truck-parts-worldwide-reach/","Retained","Static HTML page"
"https://broadstreet.net/buster","https://broadstreet.net/buster/","Retained","Static HTML page"
"https://broadstreet.net/camden-sc","https://broadstreet.net/camden-sc/","Retained","Static HTML page"
"https://broadstreet.net/contact","https://broadstreet.net/contact/","Retained","Static HTML page"
"https://broadstreet.net/cotdoc-increasing-sales","https://broadstreet.net/cotdoc-increasing-sales/","Retained","Static HTML page"
"https://broadstreet.net/danielle-wolsleben","https://broadstreet.net/danielle-wolsleben/","Retained","Static HTML page"
"https://broadstreet.net/dominate-local-markets-online","https://broadstreet.net/dominate-local-markets-online/","Retained","Static HTML page"
"https://broadstreet.net/downloads","https://broadstreet.net/downloads/","Retained","Static HTML page"
"https://broadstreet.net/fj-rabon-testimonial","https://broadstreet.net/fj-rabon-testimonial/","Retained","Static HTML page"
"https://broadstreet.net/john-jackson","https://broadstreet.net/john-jackson/","Retained","Static HTML page"
"https://broadstreet.net/kershaw-county-council-aging-testimonial","https://broadstreet.net/kershaw-county-council-aging-testimonial/","Retained","Static HTML page"
"https://broadstreet.net/lancaster-sc","https://broadstreet.net/lancaster-sc/","Retained","Static HTML page"
"https://broadstreet.net/lead-generation-services","https://broadstreet.net/lead-generation-services/","Retained","Static HTML page"
"https://broadstreet.net/mary-souto","https://broadstreet.net/mary-souto/","Retained","Static HTML page"
"https://broadstreet.net/measured-results","https://broadstreet.net/measured-results/","Retained","Static HTML page"
"https://broadstreet.net/node/475","https://broadstreet.net/blog/what-we-love-about-small-towns-and-why-we-never-left/","301 redirect","Legacy alias or pagination URL"
"https://broadstreet.net/node/477","https://broadstreet.net/blog/why-your-business-isnt-showing-google-and-how-fix-it/","301 redirect","Legacy alias or pagination URL"
"https://broadstreet.net/node/479","https://broadstreet.net/blog/ai-alone-isnt-marketing-strategy/","301 redirect","Legacy alias or pagination URL"
"https://broadstreet.net/nyia-langley","https://broadstreet.net/nyia-langley/","Retained","Static HTML page"
"https://broadstreet.net/open-source-development-services","https://broadstreet.net/open-source-development-services/","Retained","Static HTML page"
"https://broadstreet.net/portfolio","https://broadstreet.net/portfolio/","Retained","Static HTML page"
"https://broadstreet.net/portfolio/air-restoration-heating-cooling","https://broadstreet.net/portfolio/air-restoration-heating-cooling/","Retained","Static HTML page"
"https://broadstreet.net/portfolio/all-around-tampa-pressure-washing","https://broadstreet.net/portfolio/all-around-tampa-pressure-washing/","Retained","Static HTML page"
"https://broadstreet.net/portfolio/als-upstairs-italian-2013","https://broadstreet.net/portfolio/als-upstairs-italian-2013/","Retained","Static HTML page"
"https://broadstreet.net/portfolio/backcountry-beyond","https://broadstreet.net/portfolio/backcountry-beyond/","Retained","Static HTML page"
"https://broadstreet.net/portfolio/banyan-bay-trading-company","https://broadstreet.net/portfolio/banyan-bay-trading-company/","Retained","Static HTML page"
"https://broadstreet.net/portfolio/big-red-barn-retreat","https://broadstreet.net/portfolio/big-red-barn-retreat/","Retained","Static HTML page"
"https://broadstreet.net/portfolio/brazell-exterminating-home-repair","https://broadstreet.net/portfolio/brazell-exterminating-home-repair/","Retained","Static HTML page"
"https://broadstreet.net/portfolio/browns-oil-lube","https://broadstreet.net/portfolio/browns-oil-lube/","Retained","Static HTML page"
"https://broadstreet.net/portfolio/busbee-truck-parts","https://broadstreet.net/portfolio/busbee-truck-parts/","Retained","Static HTML page"
"https://broadstreet.net/portfolio/carolina-scoop-crew","https://broadstreet.net/portfolio/carolina-scoop-crew/","Retained","Static HTML page"
"https://broadstreet.net/portfolio/commercial-dock-and-door-systems","https://broadstreet.net/portfolio/commercial-dock-and-door-systems/","Retained","Static HTML page"
"https://broadstreet.net/portfolio/cotdoc","https://broadstreet.net/portfolio/cotdoc/","Retained","Static HTML page"
"https://broadstreet.net/portfolio/d-t-steel-inc","https://broadstreet.net/portfolio/d-t-steel-inc/","Retained","Static HTML page"
"https://broadstreet.net/portfolio/fairfield-county-chamber","https://broadstreet.net/portfolio/fairfield-county-chamber/","Retained","Static HTML page"
"https://broadstreet.net/portfolio/glens-import-services-llc","https://broadstreet.net/portfolio/glens-import-services-llc/","Retained","Static HTML page"
"https://broadstreet.net/portfolio/handy-man-purpose-llc","https://broadstreet.net/portfolio/handy-man-purpose-llc/","Retained","Static HTML page"
"https://broadstreet.net/portfolio/hannaty-custom-powder-coating","https://broadstreet.net/portfolio/hannaty-custom-powder-coating/","Retained","Static HTML page"
"https://broadstreet.net/portfolio/kb-cores","https://broadstreet.net/portfolio/kb-cores/","Retained","Static HTML page"
"https://broadstreet.net/portfolio/laureledu","https://broadstreet.net/portfolio/laureledu/","Retained","Static HTML page"
"https://broadstreet.net/portfolio/nature-teacher-preserve","https://broadstreet.net/portfolio/nature-teacher-preserve/","Retained","Static HTML page"
"https://broadstreet.net/portfolio/palmetto-glass","https://broadstreet.net/portfolio/palmetto-glass/","Retained","Static HTML page"
"https://broadstreet.net/portfolio/powers-gregory-heating-cooling-hvac","https://broadstreet.net/portfolio/powers-gregory-heating-cooling-hvac/","Retained","Static HTML page"
"https://broadstreet.net/portfolio/river-valley-recycling","https://broadstreet.net/portfolio/river-valley-recycling/","Retained","Static HTML page"
"https://broadstreet.net/portfolio/rock-bottom-pond","https://broadstreet.net/portfolio/rock-bottom-pond/","Retained","Static HTML page"
"https://broadstreet.net/portfolio/signs-unlimited-sc","https://broadstreet.net/portfolio/signs-unlimited-sc/","Retained","Static HTML page"
"https://broadstreet.net/portfolio/stars-campus-solutions","https://broadstreet.net/portfolio/stars-campus-solutions/","Retained","Static HTML page"
"https://broadstreet.net/portfolio/thompson-rental-services","https://broadstreet.net/portfolio/thompson-rental-services/","Retained","Static HTML page"
"https://broadstreet.net/portfolio/torres-law-firm","https://broadstreet.net/portfolio/torres-law-firm/","Retained","Static HTML page"
"https://broadstreet.net/portfolio/town-elgin","https://broadstreet.net/portfolio/town-elgin/","Retained","Static HTML page"
"https://broadstreet.net/portfolio/tyler-brothers","https://broadstreet.net/portfolio/tyler-brothers/","Retained","Static HTML page"
"https://broadstreet.net/portfolio?page=1","https://broadstreet.net/portfolio/page/2/","301 redirect","Legacy alias or pagination URL"
"https://broadstreet.net/powers-gregory-staying-connected-customers","https://broadstreet.net/powers-gregory-staying-connected-customers/","Retained","Static HTML page"
"https://broadstreet.net/reach-your-next-generation-customers-online-marketing","https://broadstreet.net/reach-your-next-generation-customers-online-marketing/","Retained","Static HTML page"
"https://broadstreet.net/sell-your-products-online","https://broadstreet.net/sell-your-products-online/","Retained","Static HTML page"
"https://broadstreet.net/services","https://broadstreet.net/services/","Retained","Static HTML page"
"https://broadstreet.net/services/contact","https://broadstreet.net/contact/","301 redirect","Legacy alias or pagination URL"
"https://broadstreet.net/services/content-development","https://broadstreet.net/services/content-management-development/","301 redirect","Legacy alias or pagination URL"
"https://broadstreet.net/services/content-management-development","https://broadstreet.net/services/content-management-development/","Retained","Static HTML page"
"https://broadstreet.net/services/digital-marketing-strategy-and-support","https://broadstreet.net/services/digital-marketing-strategy-and-support/","Retained","Static HTML page"
"https://broadstreet.net/services/drupal-ecommerce-development","https://broadstreet.net/services/ecommerce-website-development/","301 redirect","Legacy alias or pagination URL"
"https://broadstreet.net/services/drupal-ecommerce-website-development","https://broadstreet.net/services/ecommerce-website-development/","301 redirect","Legacy alias or pagination URL"
"https://broadstreet.net/services/ecommerce-website-development","https://broadstreet.net/services/ecommerce-website-development/","Retained","Static HTML page"
"https://broadstreet.net/services/email-marketing","https://broadstreet.net/services/email-marketing/","Retained","Static HTML page"
"https://broadstreet.net/services/google-adwords-consulting-search-engine-marketing","https://broadstreet.net/services/google-adwords-ppc-search-engine-marketing-consulting/","301 redirect","Legacy alias or pagination URL"
"https://broadstreet.net/services/google-adwords-ppc-search-engine-marketing","https://broadstreet.net/services/google-adwords-ppc-search-engine-marketing-consulting/","301 redirect","Legacy alias or pagination URL"
"https://broadstreet.net/services/google-adwords-ppc-search-engine-marketing-consulting","https://broadstreet.net/services/google-adwords-ppc-search-engine-marketing-consulting/","Retained","Static HTML page"
"https://broadstreet.net/services/local-online-marketing","https://broadstreet.net/services/local-online-marketing/","Retained","Static HTML page"
"https://broadstreet.net/services/logo-design","https://broadstreet.net/services/logo-design/","Retained","Static HTML page"
"https://broadstreet.net/services/mobile-friendly-website-design-development","https://broadstreet.net/services/mobile-friendly-website-design-development/","Retained","Static HTML page"
"https://broadstreet.net/services/mobile-friendly-website-development","https://broadstreet.net/services/mobile-friendly-website-design-development/","301 redirect","Legacy alias or pagination URL"
"https://broadstreet.net/services/open-source-development-drupal","https://broadstreet.net/services/web-mobile-app-development/","301 redirect","Legacy alias or pagination URL"
"https://broadstreet.net/services/search-engine-optimization-seo","https://broadstreet.net/services/search-engine-optimization-seo/","Retained","Static HTML page"
"https://broadstreet.net/services/secure-hosting-technical-support","https://broadstreet.net/services/secure-hosting-technical-support/","Retained","Static HTML page"
"https://broadstreet.net/services/social-media-marketing","https://broadstreet.net/services/social-media-marketing/","Retained","Static HTML page"
"https://broadstreet.net/services/video-production","https://broadstreet.net/services/video-production/","Retained","Static HTML page"
"https://broadstreet.net/services/web-mobile-app-development","https://broadstreet.net/services/web-mobile-app-development/","Retained","Static HTML page"
"https://broadstreet.net/staff","https://broadstreet.net/staff/","Retained","Static HTML page"
"https://broadstreet.net/stay-connected-your-customers","https://broadstreet.net/stay-connected-your-customers/","Retained","Static HTML page"
"https://broadstreet.net/tiffany-massey","https://broadstreet.net/tiffany-massey/","Retained","Static HTML page"
"https://broadstreet.net/tom-sliker","https://broadstreet.net/tom-sliker/","Retained","Static HTML page"
"https://broadstreet.net/tom-sliker-technical-expert-digital-marketing-social-media-google-seo-search-marketing","https://broadstreet.net/tom-sliker-technical-expert-digital-marketing-social-media-google-seo-search-marketing/","Retained","Static HTML page"
"https://broadstreet.net/web-success","https://broadstreet.net/web-success/","Retained","Static HTML page"
"https://broadstreet.net/web-success-signup","https://broadstreet.net/web-success-signup/","Retained","Static HTML page"
"https://broadstreet.net/web-success-videos","https://broadstreet.net/web-success-videos/","Retained","Static HTML page"
"https://broadstreet.net/what-our-clients-are-saying","https://broadstreet.net/what-our-clients-are-saying/","Retained","Static HTML page"
"https://broadstreet.net/wings-international-adventures","https://broadstreet.net/wings-international-adventures/","Retained","Static HTML page"